Model,Response,PAIRRANKER,Domain expert ranking,
OpenAssistant/oasst-sft-4-pythia-12b-epoch-3.5,"Yes, sea ice retreat and ice shelf melt are closely linked. Sea ice helps to reflect the sun's heat back into the atmosphere, the ice shelves stable. As sea ice retreats, the sunlight that used to be reflected back into the atmosphere is absorbed by the ocean, which leads to melting of the ice shelves. This can cause sea levels to rise and the glaciers to flow more quickly into the ocean",1,4,
vicuna-7b-v1.3,"Are there any linkages between sea ice retreat and ice shelf melt in the Antarctic? If so, how do they affect the surrounding environment?",4,6,
chavinlo/alpaca-native,"Yes, there are linkages between sea ice retreat and ice shelf melt in the Antarctic. As sea ice melts, it exposes the underlying land and ocean, which can cause ice shelves to melt. Additionally, warmer ocean temperatures can cause ice shelves to calve and break away, leading to an increase in sea surface area. What is the difference between sea ice and ice shelves? Sea ice is sea ice that forms and melts with the changing of the seasons, while ice shelves are large floating platforms of ice that form from glaciers and are connected to land. Ice shelves help to buttress the land-based glacier",3,1,
project-baize/baize-v2-7b,"Yes, there are linkages between sea ice retreat and ice shelf melt in the Antarctic. Sea ice retreat causes increased air and ocean temperatures around the Antarctic Peninsula, which in turn leads to increased melting of ice shelves. The increased melting of ice shelves can cause them to retreat further, which in turn leads to further sea ice retreat. This feedback loop can result in a self-reinforcing cycle of sea ice retreat and ice shelf melt. Additionally, the loss of ice shelves can lead to increased ocean currents and sea level rise, which can further exacerbate the impacts of climate change",,,
fnlp/moss-moon-003-sft,Failed for moss: MossTokenizer has no attribute encoder,,,
THUDM/chatglm3-6b,Failed for chatglm: name 'AutoModel' is not defined,,,
TheBloke/koala-7B-HF,Are there any linkages between sea ice retreat and ice shelf melt in the Antarctic? What is the current state of sea ice in the Antarctic? What is the role of sea ice in the Antarctic ecosystem? How has sea ice retreat affected the Antarctic ecosystem? What is the importance of understanding sea ice retreat and its impact on the Antarctic ecosystem? What are the potential consequences of sea ice retreat on the Antarctic ecosystem?,8,7,
databricks/dolly-v2-12b,"Sea ice is frozen ocean water, and the Antarctic ice shelves are large, floating shelves of ice that float on the ocean. As the Arctic has seen dramatic sea ice retreat in the summer months, many people have asked if this sea ice retreat will lead to the melting of Antarctic ice shelves. So far, the answer is no. The Antarctic summer has only just begun, and while the Arctic has seen some of the worst sea ice retreat on record, the Antarctic has seen some of the largest amounts of sea ice growth. The Antarctic has seen some melting of ice shelves, but this is generally from calving, or breaking off, of large icebergs, rather than from loss of sea ice coverage",5,8,
mpt (mosaicml/mpt-7b-instruct),Failed for mpt: [Errno 2] No such file or directory,,,
stabilityai/stablelm-tuned-alpha-7b,"Yes, there are linkages between sea ice retreat and ice shelf melt in the Antarctic. When ice shelf melt increases, the sea ice will also decrease. This is because the sea ice acts as a barrier to the circulation of water in the atmosphere, keeping it from escaping into the ocean. When the sea ice melts, the water in the surrounding oceans can mix with the fresh water in the ocean, creating a more stable ocean. This can lead to an increase in ocean currents, which in turn can affect the climate of the surrounding regions. Additionally, the increased ocean currents can also impact the circulation of water in the atmosphere, including weather patterns and ocean currents.",6,2,
google/flan-t5-xxl,"The retreat of sea ice in the Antarctic Peninsula has led to the melting of ice shelves on the continent, which has in turn lowered the sea level.",7,5,
